"Sentence","Category"
"Develop microservices using Java, Spring Boot, and Docker.","Software Development & Engineering"
"Design scalable cloud-based solutions with AWS and Azure.","Software Development & Engineering"
"Collaborate with cross-functional teams to gather and analyze requirements.","Software Development & Engineering"
"Implement RESTful APIs to integrate with third-party applications.","Software Development & Engineering"
"Write unit and integration tests to ensure software quality.","Software Development & Engineering"
"Deploy applications using CI/CD pipelines with Jenkins and GitLab.","Software Development & Engineering"
"Optimize performance for large-scale distributed systems.","Software Development & Engineering"
"Participate in code reviews to maintain code quality.","Software Development & Engineering"
"Develop user-friendly front-end interfaces using React and Angular.","Software Development & Engineering"
"Maintain and upgrade legacy systems to modern technologies.","Software Development & Engineering"
"Use Agile methodologies for project management and delivery.","Software Development & Engineering"
"Implement database solutions using MySQL, PostgreSQL, and MongoDB.","Software Development & Engineering"
"Write detailed technical documentation for systems and processes.","Software Development & Engineering"
"Ensure application security with proper authentication and authorization.","Software Development & Engineering"
"Develop and maintain automated testing frameworks.","Software Development & Engineering"
"Manage source code repositories using Git and GitHub.","Software Development & Engineering"
"Collaborate with DevOps teams to enhance deployment pipelines.","Software Development & Engineering"
"Analyze and troubleshoot production issues in a timely manner.","Software Development & Engineering"
"Participate in daily standups and sprint planning sessions.","Software Development & Engineering"
"Develop APIs and services in Node.js and Express.","Software Development & Engineering"
"Monitor application performance using New Relic and Prometheus.","Software Development & Engineering"
"Build mobile applications using Kotlin for Android.","Software Development & Engineering"
"Create responsive web applications using HTML, CSS, and JavaScript.","Software Development & Engineering"
"Utilize Terraform for infrastructure-as-code in cloud environments.","Software Development & Engineering"
"Work on high-availability architectures for enterprise applications.","Software Development & Engineering"
"Automate deployment processes using Ansible and Chef.","Software Development & Engineering"
"Design data models and schemas for relational databases.","Software Development & Engineering"
"Optimize application performance by profiling and tuning code.","Software Development & Engineering"
"Build event-driven systems using Kafka and RabbitMQ.","Software Development & Engineering"
"Implement caching strategies with Redis and Memcached.","Software Development & Engineering"
"Follow software development best practices to ensure clean code.","Software Development & Engineering"
"Perform A/B testing to optimize user experiences and performance.","Software Development & Engineering"
"Work with container orchestration platforms like Kubernetes.","Software Development & Engineering"
"Develop web applications using Python and Django.","Software Development & Engineering"
"Maintain system health by monitoring logs and setting up alerts.","Software Development & Engineering"
"Develop and deploy serverless applications using AWS Lambda.","Software Development & Engineering"
"Lead a team of engineers to develop scalable solutions.","Software Development & Engineering"
"Conduct load testing and scalability analysis.","Software Development & Engineering"
"Manage and automate cloud infrastructure with Kubernetes.","Software Development & Engineering"
"Design API gateways and microservices architectures.","Software Development & Engineering"
"Collaborate with UX/UI designers to improve application usability.","Software Development & Engineering"
"Integrate with external systems using SOAP and REST APIs.","Software Development & Engineering"
"Work on cross-platform mobile applications using Flutter.","Software Development & Engineering"
"Build backend systems using Go and GraphQL.","Software Development & Engineering"
"Use Docker to containerize applications for development and production.","Software Development & Engineering"
"Follow security best practices in coding and architecture.","Software Development & Engineering"
"Lead code refactoring initiatives for performance optimization.","Software Development & Engineering"
"Work with product managers to define technical requirements.","Software Development & Engineering"
"Design and implement continuous integration and delivery pipelines.","Software Development & Engineering"
"Create reusable libraries and frameworks for internal teams.","Software Development & Engineering"
"Integrate authentication systems with OAuth2 and SAML.","Software Development & Engineering"
"Work on building APIs using Ruby on Rails.","Software Development & Engineering"
"Develop custom plugins and integrations for WordPress.","Software Development & Engineering"
"Implement continuous monitoring for infrastructure and applications.","Software Development & Engineering"
"Utilize version control for tracking changes and collaborations.","Software Development & Engineering"
"Work with distributed computing frameworks like Hadoop and Spark.","Software Development & Engineering"
"Develop high-performance algorithms for data processing.","Software Development & Engineering"
"Participate in design and architecture discussions for new features.","Software Development & Engineering"
"Ensure scalability of applications using sharding and partitioning techniques.","Software Development & Engineering"
"Write shell scripts to automate system tasks.","Software Development & Engineering"
"Build and maintain APIs using FastAPI and Flask.","Software Development & Engineering"
"Work on improving system fault tolerance and recovery.","Software Development & Engineering"
"Integrate with payment gateways like Stripe and PayPal.","Software Development & Engineering"
"Develop business logic for enterprise applications using .NET and C#.","Software Development & Engineering"
"Build and manage data pipelines using Apache Airflow.","Software Development & Engineering"
"Optimize SQL queries to improve database performance.","Software Development & Engineering"
"Develop automation scripts for testing and deployment.","Software Development & Engineering"
"Create and optimize front-end code for SEO and performance.","Software Development & Engineering"
"Collaborate with QA teams to develop test plans and cases.","Software Development & Engineering"
"Manage APIs and services using AWS API Gateway.","Software Development & Engineering"
"Monitor cloud infrastructure using CloudWatch and Azure Monitor.","Software Development & Engineering"
"Design and implement OAuth2-based authentication systems.","Software Development & Engineering"
"Build mobile applications using Swift for iOS.","Software Development & Engineering"
"Integrate with third-party services and APIs for data exchange.","Software Development & Engineering"
"Work on improving application latency and throughput.","Software Development & Engineering"
"Develop and deploy containerized applications using Docker Swarm.","Software Development & Engineering"
"Build real-time data pipelines using Apache Kafka.","Software Development & Engineering"
"Contribute to open-source projects related to the tech stack.","Software Development & Engineering"
"Work with machine learning models to integrate into applications.","Software Development & Engineering"
"Implement and manage WebSocket communication for real-time updates.","Software Development & Engineering"
"Design fault-tolerant systems with high availability.","Software Development & Engineering"
"Optimize application memory usage and garbage collection.","Software Development & Engineering"
"Perform security assessments and vulnerability testing.","Software Development & Engineering"
"Collaborate with business stakeholders to understand project needs.","Software Development & Engineering"
"Manage cloud resources using AWS CloudFormation or Azure Resource Manager.","Software Development & Engineering"
"Develop analytics dashboards for business intelligence insights.","Software Development & Engineering"
"Design and maintain data storage solutions using S3 and Azure Blob.","Software Development & Engineering"
"Utilize machine learning libraries like TensorFlow and PyTorch.","Software Development & Engineering"
"Implement data encryption to secure sensitive information.","Software Development & Engineering"
"Build containerized microservices with Docker and Kubernetes.","Software Development & Engineering"
"Work on improving CI/CD pipelines for automated releases.","Software Development & Engineering"
"Develop serverless functions using AWS Lambda and Azure Functions.","Software Development & Engineering"
"Conduct performance tuning and optimization for cloud-based systems.","Software Development & Engineering"
"Implement disaster recovery strategies for critical applications.","Software Development & Engineering"
"Lead initiatives to improve code coverage and quality metrics.","Software Development & Engineering"
"Automate infrastructure provisioning using Terraform and CloudFormation.","Software Development & Engineering"
"Ensure compliance with GDPR, HIPAA, and other security regulations.","Software Development & Engineering"
"Work with API gateway and service mesh tools like Istio and Kong.","Software Development & Engineering"
"Develop server-side logic using PHP and Laravel.","Software Development & Engineering"
"Create logging and monitoring solutions for distributed systems.","Software Development & Engineering"
"Work with continuous deployment tools like CircleCI and Travis CI.","Software Development & Engineering"
"Design, build, and maintain efficient, reusable, and reliable code.","Software Development & Engineering"
"Develop microservices with .NET Core and deploy on Kubernetes.","Software Development & Engineering"
"Create interactive dashboards using React and D3.js.","Software Development & Engineering"
"Manage cloud costs with AWS Cost Explorer and budgeting tools.","Software Development & Engineering"
"Implement OAuth2 and OpenID Connect for secure authentication.","Software Development & Engineering"
"Build backend services using Elixir and Phoenix Framework.","Software Development & Engineering"
"Automate deployments using GitHub Actions and ArgoCD.","Software Development & Engineering"
"Develop machine learning pipelines using MLflow and Kubeflow.","Software Development & Engineering"
"Integrate DevSecOps practices into CI/CD workflows.","Software Development & Engineering"
"Build cross-platform desktop applications using Electron.","Software Development & Engineering"
"Implement Infrastructure as Code (IaC) with Pulumi.","Software Development & Engineering"
"Monitor distributed systems using Jaeger for tracing.","Software Development & Engineering"
"Create scalable APIs using Serverless Framework.","Software Development & Engineering"
"Perform code analysis using SonarQube and CodeClimate.","Software Development & Engineering"
"Develop chatbots with Python and Rasa.","Software Development & Engineering"
"Work on blockchain solutions using Solidity and Ethereum.","Software Development & Engineering"
"Optimize JavaScript bundles using Webpack and Rollup.","Software Development & Engineering"
"Manage hybrid cloud environments with VMware and OpenStack.","Software Development & Engineering"
"Implement streaming analytics with Apache Flink.","Software Development & Engineering"
"Work on SaaS applications with multi-tenant architecture.","Software Development & Engineering"
"Develop mobile backend services using Firebase.","Software Development & Engineering"
"Configure CDN for faster content delivery using Cloudflare.","Software Development & Engineering"
"Perform static code analysis to identify vulnerabilities.","Software Development & Engineering"
"Create backend systems using Rust and Actix.","Software Development & Engineering"
"Build CI pipelines with TeamCity and Bamboo.","Software Development & Engineering"
"Use GraphQL to improve data querying performance.","Software Development & Engineering"
"Develop AR/VR applications using Unity and C#.","Software Development & Engineering"
"Manage big data workloads with Apache Hadoop.","Software Development & Engineering"
"Implement object detection algorithms with TensorFlow.","Software Development & Engineering"
"Work with real-time messaging using MQTT and WebSocket.","Software Development & Engineering"
"Automate security checks using OWASP ZAP.","Software Development & Engineering"
"Use Apache NiFi for data ingestion pipelines.","Software Development & Engineering"
"Develop recommendation engines using collaborative filtering.","Software Development & Engineering"
"Deploy cloud-native applications with OpenShift.","Software Development & Engineering"
"Write asynchronous code using Python's asyncio library.","Software Development & Engineering"
"Work with authentication providers like Okta and Auth0.","Software Development & Engineering"
"Perform database sharding for horizontal scaling.","Software Development & Engineering"
"Develop IoT solutions using Node-RED and Raspberry Pi.","Software Development & Engineering"
"Work with distributed SQL databases like CockroachDB.","Software Development & Engineering"
"Integrate applications with Google APIs for cloud storage.","Software Development & Engineering"
"Implement blue-green deployments to minimize downtime.","Software Development & Engineering"
"Develop cloud functions with Google Cloud Functions.","Software Development & Engineering"
"Monitor Kubernetes clusters using Prometheus and Grafana.","Software Development & Engineering"
"Automate code deployments using Spinnaker.","Software Development & Engineering"
"Implement canary deployments for safer releases.","Software Development & Engineering"
"Work with micro-frontend architecture for modular applications.","Software Development & Engineering"
"Develop voice applications for Alexa and Google Assistant.","Software Development & Engineering"
"Use gRPC for efficient communication between services.","Software Development & Engineering"
"Manage microservices using service mesh tools like Linkerd.","Software Development & Engineering"
"Implement automated rollback strategies for deployments.","Software Development & Engineering"
"Develop stateful applications using Akka.","Software Development & Engineering"
"Implement caching using Varnish to enhance web performance.","Software Development & Engineering"
"Develop natural language processing (NLP) models with spaCy.","Software Development & Engineering"
"Ensure software compliance with SOC 2 and ISO standards.","Software Development & Engineering"
"Create cloud infrastructure using Bicep templates.","Software Development & Engineering"
"Manage secrets with HashiCorp Vault.","Software Development & Engineering"
"Develop parallel computing solutions using MPI.","Software Development & Engineering"
"Use API management platforms like Apigee.","Software Development & Engineering"
"Monitor API performance with Postman and Swagger.","Software Development & Engineering"
"Develop decentralized apps (dApps) on blockchain platforms.","Software Development & Engineering"
"Optimize web pages for Core Web Vitals metrics.","Software Development & Engineering"
"Implement predictive analytics models using Python.","Software Development & Engineering"
"Develop cloud automation scripts with Python and Bash.","Software Development & Engineering"
"Work with hybrid mobile frameworks like Ionic.","Software Development & Engineering"
"Integrate analytics tools like Google Analytics and Mixpanel.","Software Development & Engineering"
"Develop authentication workflows with SAML and LDAP.","Software Development & Engineering"
"Create real-time dashboards with Power BI and Tableau.","Software Development & Engineering"
"Use API mocking tools like WireMock for testing.","Software Development & Engineering"
"Work with low-code platforms like Mendix and OutSystems.","Software Development & Engineering"
"Implement observability tools like OpenTelemetry.","Software Development & Engineering"
"Develop data lakes using Delta Lake and Snowflake.","Software Development & Engineering"
"Manage stateful services in Kubernetes with StatefulSets.","Software Development & Engineering"
"Develop event-driven applications using AWS EventBridge.","Software Development & Engineering"
"Implement fault-tolerant workflows using Step Functions.","Software Development & Engineering"
"Build digital twins for IoT solutions.","Software Development & Engineering"
"Use automated build tools like Bazel and Buck.","Software Development & Engineering"
"Create custom middleware for Express.js applications.","Software Development & Engineering"
"Manage large datasets using Apache Cassandra.","Software Development & Engineering"
"Develop analytics workflows using Apache Beam.","Software Development & Engineering"
"Work with spatial databases like PostGIS.","Software Development & Engineering"
"Implement security protocols using TLS and HTTPS.","Software Development & Engineering"
"Develop CI/CD workflows with Azure DevOps.","Software Development & Engineering"
"Use Chaos Engineering tools like Gremlin.","Software Development & Engineering"
"Design schema-less databases with CouchDB.","Software Development & Engineering"
"Manage distributed logs using Logstash and Elasticsearch.","Software Development & Engineering"
"Build collaborative applications with WebRTC.","Software Development & Engineering"
"Develop facial recognition systems using OpenCV.","Software Development & Engineering"
"Create automated reports with Jupyter Notebooks.","Software Development & Engineering"
"Implement OAuth2 flows in single-page applications.","Software Development & Engineering"
"Build cloud-native APIs with API Gateway and Lambda.","Software Development & Engineering"
"Work on disaster recovery plans for mission-critical systems.","Software Development & Engineering"
"Develop quantum computing algorithms with Qiskit.","Software Development & Engineering"
"Work with robotic process automation (RPA) tools like UiPath.","Software Development & Engineering"
"Optimize workflows using BPMN tools like Camunda.","Software Development & Engineering"
"Implement anomaly detection models with PyTorch.","Software Development & Engineering"
"Develop middleware solutions with TIBCO and MuleSoft.","Software Development & Engineering"
"Ensure code quality with Test-Driven Development (TDD).","Software Development & Engineering"
"Use feature flags to manage product releases.","Software Development & Engineering"
"Develop streaming applications with Apache Pulsar.","Software Development & Engineering"
"Monitor system uptime with uptime monitoring tools.","Software Development & Engineering"
"Develop CI/CD pipelines using Jenkins, Docker, and Helm.","Software Development & Engineering"
"Implement database replication for high availability.","Software Development & Engineering"
"Manage Kubernetes workloads with Helm charts.","Software Development & Engineering"
"Develop edge computing applications with AWS Greengrass.","Software Development & Engineering"
"Work on application instrumentation with OpenTelemetry.","Software Development & Engineering"
"Develop time-series databases with InfluxDB.","Software Development & Engineering"
"Create secure APIs using JWT and OAuth tokens.","Software Development & Engineering"
"Work on predictive maintenance models with Azure ML.","Software Development & Engineering"
"Build real-time chat systems using Socket.IO.","Software Development & Engineering"
"Develop automated load testing scripts with Gatling.","Software Development & Engineering"
"Manage data streaming pipelines using Apache Kafka Streams.","Software Development & Engineering"
"Develop multi-cloud applications with Terraform.","Software Development & Engineering"
"Implement distributed tracing for microservices.","Software Development & Engineering"
"Use CloudFormation for automating AWS deployments.","Software Development & Engineering"
"Develop zero-downtime deployments with Istio.","Software Development & Engineering"
"Implement end-to-end encryption for messaging systems.","Software Development & Engineering"
"Develop e-commerce platforms with Magento and Shopify.","Software Development & Engineering"
"Manage containers using Podman in place of Docker.","Software Development & Engineering"
"Work with serverless databases like Aurora Serverless.","Software Development & Engineering"
"Develop NoSQL databases using Couchbase and DynamoDB.","Software Development & Engineering"
"Build custom data visualizations with Highcharts.","Software Development & Engineering"
"Implement circuit breaker patterns in microservices.","Software Development & Engineering"
"Use Jenkins X for Kubernetes-native CI/CD.","Software Development & Engineering"
"Develop video streaming applications with FFmpeg.","Software Development & Engineering"
"Create infrastructure monitoring dashboards with Grafana.","Software Development & Engineering"
"Develop cloud-native functions with Azure Logic Apps.","Software Development & Engineering"
"Integrate real-time analytics with Apache Storm.","Software Development & Engineering"
"Implement role-based access control (RBAC) systems.","Software Development & Engineering"
"Work with multi-cluster Kubernetes environments.","Software Development & Engineering"
"Implement auto-scaling with Horizontal Pod Autoscaler.","Software Development & Engineering"
"Develop social media integration with Facebook Graph API.","Software Development & Engineering"
"Work on asynchronous processing with RabbitMQ and Celery.","Software Development & Engineering"
"Use Elasticsearch for full-text search in applications.","Software Development & Engineering"
"Implement object storage solutions with MinIO.","Software Development & Engineering"
"Develop data-driven applications with Apache Spark.","Software Development & Engineering"
"Manage configuration using Consul and ETCD.","Software Development & Engineering"
"Create batch processing systems using Airflow DAGs.","Software Development & Engineering"
"Implement OAuth scopes for granular API permissions.","Software Development & Engineering"
"Develop financial applications with FinTech APIs.","Software Development & Engineering"
"Integrate CI/CD pipelines with AWS CodePipeline.","Software Development & Engineering"
"Develop AI-powered chatbots with Microsoft Bot Framework.","Software Development & Engineering"
"Manage containers and orchestration using Rancher.","Software Development & Engineering"
"Develop geospatial applications with Leaflet.js.","Software Development & Engineering"
"Optimize cloud usage with auto-scaling policies.","Software Development & Engineering"
"Build recommendation systems with collaborative filtering.","Software Development & Engineering"
"Create headless CMS solutions using Strapi.","Software Development & Engineering"
"Integrate Google Maps APIs for location-based services.","Software Development & Engineering"
"Implement feature toggles using LaunchDarkly.","Software Development & Engineering"
"Manage container security using Aqua and Twistlock.","Software Development & Engineering"
"Develop static sites using Hugo and Gatsby.","Software Development & Engineering"
"Implement cross-origin resource sharing (CORS) policies.","Software Development & Engineering"
"Build serverless APIs with Firebase Cloud Functions.","Software Development & Engineering"
"Develop cloud monitoring tools with Datadog.","Software Development & Engineering"
"Use Sentry for error tracking in web applications.","Software Development & Engineering"
"Develop low-latency applications with Go and NATS.","Software Development & Engineering"
"Work on data replication between hybrid clouds.","Software Development & Engineering"
"Implement continuous security scanning with Snyk.","Software Development & Engineering"
"Develop decentralized identity solutions with blockchain.","Software Development & Engineering"
"Manage microservices traffic using API gateways.","Software Development & Engineering"
"Use HashiCorp Nomad for workload orchestration.","Software Development & Engineering"
"Develop hybrid mobile apps with Capacitor.js.","Software Development & Engineering"
"Integrate voice recognition using Amazon Alexa SDK.","Software Development & Engineering"
"Develop secure payment solutions using PCI-DSS guidelines.","Software Development & Engineering"
"Use Cloud Scheduler for automated task management.","Software Development & Engineering"
"Develop containerized CI environments using Drone CI.","Software Development & Engineering"
"Work with Infrastructure as Code (IaC) using Ansible.","Software Development & Engineering"
"Implement distributed locks with Zookeeper.","Software Development & Engineering"
"Develop continuous delivery pipelines with Octopus Deploy.","Software Development & Engineering"
"Create customized CI dashboards using Jenkins API.","Software Development & Engineering"
"Manage service lifecycles with AWS Service Catalog.","Software Development & Engineering"
"Develop scalable ETL pipelines with Glue and Dataflow.","Software Development & Engineering"
"Implement data masking to protect sensitive data.","Software Development & Engineering"
"Develop IoT edge solutions with Azure IoT Hub.","Software Development & Engineering"
"Work with low-latency message brokers like NATS.","Software Development & Engineering"
"Build end-user analytics with Google Data Studio.","Software Development & Engineering"
"Implement gamification in applications using badges and rewards.","Software Development & Engineering"
"Develop container-native storage with Rook.","Software Development & Engineering"
"Work on continuous profiling using Pyroscope.","Software Development & Engineering"
"Implement throttling and rate-limiting in APIs.","Software Development & Engineering"
"Use EventBridge for event-driven workflows in AWS.","Software Development & Engineering"
"Develop chat applications using Twilio API.","Software Development & Engineering"
"Monitor microservices with distributed logging tools.","Software Development & Engineering"
"Implement dynamic secrets management with Vault.","Software Development & Engineering"
"Create authentication flows using Firebase Auth.","Software Development & Engineering"
"Build data mesh architectures for enterprise solutions.","Software Development & Engineering"
"Optimize cloud resources using Spot Instances.","Software Development & Engineering"
"Develop real-time processing with Kinesis Data Streams.","Software Development & Engineering"
"Use Redis Streams for event sourcing in applications.","Software Development & Engineering"
"Implement progressive web applications with Workbox.","Software Development & Engineering"
"Monitor serverless applications with CloudWatch Logs.","Software Development & Engineering"
"Develop fraud detection algorithms using machine learning.","Software Development & Engineering"
"Integrate CI/CD workflows with Bitbucket Pipelines.","Software Development & Engineering"
"Build decentralized finance (DeFi) solutions with smart contracts.","Software Development & Engineering"
"Develop observability dashboards using Kibana.","Software Development & Engineering"
"Manage API quotas using AWS API Gateway.","Software Development & Engineering"
"Use Kubernetes operators for automated management.","Software Development & Engineering"
"Implement rollback strategies for application updates.","Software Development & Engineering"
"Develop event-sourcing applications using CQRS pattern.","Software Development & Engineering"
"Create streaming analytics with Azure Stream Analytics.","Software Development & Engineering"
"Manage workload isolation using namespaces in Kubernetes.","Software Development & Engineering"
"Implement semantic versioning for software releases.","Software Development & Engineering"
"Develop workflow automation with Apache Camel.","Software Development & Engineering"
"Monitor Azure resources with Application Insights.","Software Development & Engineering"
"Use Vault to manage dynamic database credentials.","Software Development & Engineering"
"Create reusable modules using Terraform Registry.","Software Development & Engineering"
"Implement chaos testing for cloud environments.","Software Development & Engineering"
"Build decentralized storage solutions with IPFS.","Software Development & Engineering"
"Develop automation workflows with Microsoft Power Automate.","Software Development & Engineering"
"Manage API subscriptions and keys programmatically.","Software Development & Engineering"
"Create distributed caches with Hazelcast.","Software Development & Engineering"
"Develop data pipelines with Azure Synapse.","Software Development & Engineering"
"Implement token-based authentication using JWT.","Software Development & Engineering"
"Manage cloud events with Event Grid.","Software Development & Engineering"
"Work on stream processing with Apache Pulsar.","Software Development & Engineering"
"Develop edge AI models for IoT applications.","Software Development & Engineering"
"Implement API observability with Traceable AI.","Software Development & Engineering"
"Build real-time leaderboards with Redis.","Software Development & Engineering"
"Develop automation pipelines with Tekton.","Software Development & Engineering"
"Monitor Kubernetes logs with Fluentd.","Software Development & Engineering"
"Use REST hooks for real-time integrations.","Software Development & Engineering"
"Develop failover mechanisms for high availability.","Software Development & Engineering"
"Use Tyk API Gateway for API management.","Software Development & Engineering"
"Develop command-line tools with Golang.","Software Development & Engineering"
"Manage API security with OAuth introspection.","Software Development & Engineering"
"Use WebAssembly for high-performance web applications.","Software Development & Engineering"
"Develop algorithms that improve the accuracy of predictive models.",Artificial Intelligence & Machine Learning
"Create AI systems for real-time language translation to enhance communication.",Artificial Intelligence & Machine Learning
"Implement neural networks to recognize patterns in large datasets.",Artificial Intelligence & Machine Learning
"Use reinforcement learning to develop intelligent game agents.",Artificial Intelligence & Machine Learning
"Design models for automated image classification and tagging.",Artificial Intelligence & Machine Learning
"Develop natural language processing tools to analyze sentiment in social media posts.",Artificial Intelligence & Machine Learning
"Create chatbots that can understand and respond to customer queries effectively.",Artificial Intelligence & Machine Learning
"Implement machine learning algorithms to predict stock market trends.",Artificial Intelligence & Machine Learning
"Train AI models to detect fraud in financial transactions.",Artificial Intelligence & Machine Learning
"Develop systems for autonomous vehicles to interpret their surroundings.",Artificial Intelligence & Machine Learning
"Use machine learning techniques to enhance personalization in e-commerce platforms.",Artificial Intelligence & Machine Learning
"Create AI-powered recommendation systems for streaming services.",Artificial Intelligence & Machine Learning
"Implement algorithms for speech recognition and synthesis in virtual assistants.",Artificial Intelligence & Machine Learning
"Design models that can automatically generate music based on user preferences.",Artificial Intelligence & Machine Learning
"Train deep learning networks to improve the accuracy of medical diagnoses.",Artificial Intelligence & Machine Learning
"Create systems for detecting anomalies in cybersecurity through machine learning.",Artificial Intelligence & Machine Learning
"Use AI to optimize supply chain management by predicting demand.",Artificial Intelligence & Machine Learning
"Develop models that analyze customer reviews for product improvements.",Artificial Intelligence & Machine Learning
"Implement computer vision techniques to enhance surveillance systems.",Artificial Intelligence & Machine Learning
"Train models to simulate human decision-making in various scenarios.",Artificial Intelligence & Machine Learning
"Create intelligent agents for automating business processes effectively.",Artificial Intelligence & Machine Learning
"Use machine learning to predict patient outcomes in healthcare.",Artificial Intelligence & Machine Learning
"Develop AI solutions for optimizing energy consumption in smart grids.",Artificial Intelligence & Machine Learning
"Implement machine learning algorithms for predictive maintenance in manufacturing.",Artificial Intelligence & Machine Learning
"Create systems for improving customer experience through personalized recommendations.",Artificial Intelligence & Machine Learning
"Use AI to analyze video content for automated tagging and classification.",Artificial Intelligence & Machine Learning
"Design models for forecasting sales based on historical data.",Artificial Intelligence & Machine Learning
"Train algorithms to optimize advertising spend across digital channels.",Artificial Intelligence & Machine Learning
"Create systems that use AI for personalized learning experiences in education.",Artificial Intelligence & Machine Learning
"Implement models for identifying potential healthcare risks in patient data.",Artificial Intelligence & Machine Learning
"Use machine learning to enhance the performance of online customer service.",Artificial Intelligence & Machine Learning
"Develop AI-driven applications for improving accessibility in technology.",Artificial Intelligence & Machine Learning
"Create systems that automate routine tasks in business operations using AI.",Artificial Intelligence & Machine Learning
"Train models to predict equipment failure in industrial settings.",Artificial Intelligence & Machine Learning
"Use deep learning techniques for facial recognition in security applications.",Artificial Intelligence & Machine Learning
"Develop algorithms that analyze consumer behavior for targeted marketing.",Artificial Intelligence & Machine Learning
"Create systems for automated financial analysis and reporting.",Artificial Intelligence & Machine Learning
"Implement AI solutions for real-time traffic management in smart cities.",Artificial Intelligence & Machine Learning
"Train models to evaluate the effectiveness of social media campaigns.",Artificial Intelligence & Machine Learning
"Use machine learning to enhance the accuracy of weather predictions.",Artificial Intelligence & Machine Learning
"Develop intelligent personal assistants that can schedule tasks autonomously.",Artificial Intelligence & Machine Learning
"Create AI systems for interpreting and generating human-like text.",Artificial Intelligence & Machine Learning
"Implement algorithms for optimizing logistics and delivery routes.",Artificial Intelligence & Machine Learning
"Train models to assess the impact of environmental changes on ecosystems.",Artificial Intelligence & Machine Learning
"Use AI to analyze customer interactions and improve sales strategies.",Artificial Intelligence & Machine Learning
"Develop systems that provide real-time analytics for business operations.",Artificial Intelligence & Machine Learning
"Create machine learning models for predicting housing market trends.",Artificial Intelligence & Machine Learning
"Implement AI solutions for managing and analyzing large-scale datasets.",Artificial Intelligence & Machine Learning
"Train models to detect cyber threats and vulnerabilities in real-time.",Artificial Intelligence & Machine Learning
"Use machine learning for enhancing the accuracy of online fraud detection.",Artificial Intelligence & Machine Learning
"Develop algorithms that improve the performance of search engines.",Artificial Intelligence & Machine Learning
"Create intelligent systems for analyzing and interpreting big data.",Artificial Intelligence & Machine Learning
"Implement AI solutions for dynamic pricing in e-commerce.",Artificial Intelligence & Machine Learning
"Train models to forecast customer demand based on historical patterns.",Artificial Intelligence & Machine Learning
"Use AI to develop personalized marketing strategies based on user behavior.",Artificial Intelligence & Machine Learning
"Develop chatbots that provide instant support and information to users.",Artificial Intelligence & Machine Learning
"Create systems for automating compliance checks in financial services.",Artificial Intelligence & Machine Learning
"Implement algorithms for sentiment analysis of customer feedback.",Artificial Intelligence & Machine Learning
"Train models to optimize inventory management in retail.",Artificial Intelligence & Machine Learning
"Use machine learning to enhance the effectiveness of recruitment processes.",Artificial Intelligence & Machine Learning
"Develop AI-driven applications for virtual reality experiences.",Artificial Intelligence & Machine Learning
"Create systems that use AI to facilitate language learning.",Artificial Intelligence & Machine Learning
"Implement algorithms for predictive analytics in human resources.",Artificial Intelligence & Machine Learning
"Train models to improve the reliability of supply chain logistics.",Artificial Intelligence & Machine Learning
"Use AI for analyzing financial risks in investment portfolios.",Artificial Intelligence & Machine Learning
"Develop intelligent systems that enhance the productivity of remote teams.",Artificial Intelligence & Machine Learning
"Create models for optimizing customer journeys across digital platforms.",Artificial Intelligence & Machine Learning
"Implement AI solutions to automate customer service inquiries.",Artificial Intelligence & Machine Learning
"Train models for predicting churn rates in subscription services.",Artificial Intelligence & Machine Learning
"Use machine learning to enhance real-time decision-making in enterprises.",Artificial Intelligence & Machine Learning
"Develop AI systems for improving healthcare delivery through data analysis.",Artificial Intelligence & Machine Learning
"Create intelligent platforms for collaborative project management.",Artificial Intelligence & Machine Learning
"Implement algorithms for predictive analytics in sports performance.",Artificial Intelligence & Machine Learning
"Train models to analyze employee performance and engagement levels.",Artificial Intelligence & Machine Learning
"Use AI to streamline content creation processes in media and publishing.",Artificial Intelligence & Machine Learning
"Develop systems that automate the assessment of creditworthiness.",Artificial Intelligence & Machine Learning
"Create models for optimizing the user experience in mobile applications.",Artificial Intelligence & Machine Learning
"Implement algorithms for analyzing market trends in real-time.",Artificial Intelligence & Machine Learning
"Train models to detect and mitigate cybersecurity threats.",Artificial Intelligence & Machine Learning
"Use machine learning to improve the accuracy of product recommendations.",Artificial Intelligence & Machine Learning
"Develop AI-driven applications for enhancing customer loyalty programs.",Artificial Intelligence & Machine Learning
"Create systems for automating HR processes like onboarding and training.",Artificial Intelligence & Machine Learning
"Implement AI solutions for personalized content delivery in media.",Artificial Intelligence & Machine Learning
"Train models to predict user engagement based on historical behavior.",Artificial Intelligence & Machine Learning
"Use AI to analyze and optimize supply chain efficiencies.",Artificial Intelligence & Machine Learning
"Develop intelligent systems for managing large-scale event logistics.",Artificial Intelligence & Machine Learning
"Create algorithms for automating financial forecasting and budgeting.",Artificial Intelligence & Machine Learning
"Implement machine learning techniques for real-time fraud detection.",Artificial Intelligence & Machine Learning
"Train models to assess the impact of marketing campaigns on sales.",Artificial Intelligence & Machine Learning
"Use AI for enhancing customer experience in retail environments.",Artificial Intelligence & Machine Learning
"Develop AI solutions that enable smart home automation.",Artificial Intelligence & Machine Learning
"Create systems for identifying and mitigating risks in project management.",Artificial Intelligence & Machine Learning
"Implement algorithms for sentiment analysis in financial markets.",Artificial Intelligence & Machine Learning
"Train models to enhance the accuracy of disease outbreak predictions.",Artificial Intelligence & Machine Learning
"Use machine learning to analyze consumer preferences in real time.",Artificial Intelligence & Machine Learning
"Develop AI systems for improving food safety monitoring processes.",Artificial Intelligence & Machine Learning
"Create intelligent platforms for dynamic content management.",Artificial Intelligence & Machine Learning
"Implement algorithms for optimizing energy use in commercial buildings.",Artificial Intelligence & Machine Learning
"Train models to predict trends in consumer electronics purchases.",Artificial Intelligence & Machine Learning
"Use AI to streamline regulatory compliance processes in finance.",Artificial Intelligence & Machine Learning
"Develop intelligent systems that facilitate remote healthcare consultations.",Artificial Intelligence & Machine Learning
"Create models for optimizing customer engagement strategies in marketing.",Artificial Intelligence & Machine Learning
"Implement machine learning algorithms for personalized advertising.",Artificial Intelligence & Machine Learning
"Train models to analyze sports performance data for coaching insights.",Artificial Intelligence & Machine Learning
"Use AI to enhance the accuracy of predictive maintenance schedules.",Artificial Intelligence & Machine Learning
"Develop AI solutions for managing social media interactions effectively.",Artificial Intelligence & Machine Learning
"Create systems for real-time analysis of market conditions.",Artificial Intelligence & Machine Learning
"Implement algorithms for predicting consumer spending patterns.",Artificial Intelligence & Machine Learning
"Train models to evaluate the effectiveness of customer feedback loops.",Artificial Intelligence & Machine Learning
"Use machine learning to enhance the personalization of travel experiences.",Artificial Intelligence & Machine Learning
"Develop AI-driven applications for optimizing classroom learning environments.",Artificial Intelligence & Machine Learning
"Create intelligent systems for managing community engagement initiatives.",Artificial Intelligence & Machine Learning
"Implement algorithms for detecting fraudulent activity in online transactions.",Artificial Intelligence & Machine Learning
"Train models to optimize the delivery of public services in urban areas.",Artificial Intelligence & Machine Learning
"Use AI for analyzing the effectiveness of health interventions.",Artificial Intelligence & Machine Learning
"Develop systems that facilitate AI-assisted disaster response efforts.",Artificial Intelligence & Machine Learning
"Create models for predicting trends in renewable energy adoption.",Artificial Intelligence & Machine Learning
"Implement algorithms for optimizing customer feedback management.",Artificial Intelligence & Machine Learning
"Train models to assess the impact of training programs on employee performance.",Artificial Intelligence & Machine Learning
"Use machine learning to enhance the quality of video content delivery.",Artificial Intelligence & Machine Learning
"Develop AI solutions for improving supply chain transparency.",Artificial Intelligence & Machine Learning
"Create systems for automating risk assessments in finance.",Artificial Intelligence & Machine Learning
"Implement algorithms for predicting traffic patterns in smart cities.",Artificial Intelligence & Machine Learning
"Train models to improve the effectiveness of online learning platforms.",Artificial Intelligence & Machine Learning
"Use AI to analyze and enhance user engagement in mobile applications.",Artificial Intelligence & Machine Learning
"Develop intelligent systems for managing customer service interactions across channels.",Artificial Intelligence & Machine Learning
"Create models for optimizing product placement strategies in retail.",Artificial Intelligence & Machine Learning
"Implement machine learning algorithms for enhancing the accuracy of demand forecasting.",Artificial Intelligence & Machine Learning
"Train models to predict customer behavior in online shopping.",Artificial Intelligence & Machine Learning
"Use AI to automate inventory tracking and management in warehouses.",Artificial Intelligence & Machine Learning
"Develop AI-driven solutions for optimizing human resources management.",Artificial Intelligence & Machine Learning
"Create systems that facilitate real-time communication in remote teams.",Artificial Intelligence & Machine Learning
"Implement algorithms for sentiment analysis in customer service interactions.",Artificial Intelligence & Machine Learning
"Train models to enhance the reliability of transportation systems.",Artificial Intelligence & Machine Learning
"Use machine learning to improve the effectiveness of marketing segmentation.",Artificial Intelligence & Machine Learning
"Develop intelligent systems for managing public health initiatives.",Artificial Intelligence & Machine Learning
"Create models for optimizing the performance of athletic training programs.",Artificial Intelligence & Machine Learning
"Implement algorithms for predicting outcomes in clinical trials.",Artificial Intelligence & Machine Learning
"Train models to evaluate the effectiveness of community programs.",Artificial Intelligence & Machine Learning
"Use AI to enhance real-time decision-making in emergency management.",Artificial Intelligence & Machine Learning
"Develop AI solutions for managing and analyzing customer loyalty data.",Artificial Intelligence & Machine Learning
"Create systems for automating financial compliance reporting.",Artificial Intelligence & Machine Learning
"Implement algorithms for predicting the success of new product launches.",Artificial Intelligence & Machine Learning
"Train models to enhance the accuracy of predictive text generation.",Artificial Intelligence & Machine Learning
"Use machine learning to analyze consumer behavior trends in retail.",Artificial Intelligence & Machine Learning
"Develop intelligent systems for supporting disaster recovery efforts.",Artificial Intelligence & Machine Learning
"Create models for optimizing energy consumption in industrial processes.",Artificial Intelligence & Machine Learning
"Implement algorithms for real-time fraud detection in e-commerce.",Artificial Intelligence & Machine Learning
"Train models to evaluate the effectiveness of social programs.",Artificial Intelligence & Machine Learning
"Use AI to enhance the accuracy of weather forecasting.",Artificial Intelligence & Machine Learning
"Develop AI-driven applications for improving user experiences in gaming.",Artificial Intelligence & Machine Learning
"Create systems that automate project management workflows.",Artificial Intelligence & Machine Learning
"Implement algorithms for predicting supply chain disruptions.",Artificial Intelligence & Machine Learning
"Train models to analyze the impact of environmental changes on public health.",Artificial Intelligence & Machine Learning
"Use machine learning to improve customer segmentation in marketing.",Artificial Intelligence & Machine Learning
"Develop intelligent systems for enhancing product design processes.",Artificial Intelligence & Machine Learning
"Create models for automating quality assurance in manufacturing.",Artificial Intelligence & Machine Learning
"Implement algorithms for optimizing resource allocation in projects.",Artificial Intelligence & Machine Learning
"Train models to predict the outcomes of educational interventions.",Artificial Intelligence & Machine Learning
"Use AI to analyze trends in social media for brand management.",Artificial Intelligence & Machine Learning
"Develop AI solutions for improving employee satisfaction in organizations.",Artificial Intelligence & Machine Learning
"Create systems for automating routine administrative tasks in businesses.",Artificial Intelligence & Machine Learning
"Implement algorithms for predicting customer preferences in retail.",Artificial Intelligence & Machine Learning
"Train models to evaluate the impact of digital marketing strategies.",Artificial Intelligence & Machine Learning
"Use machine learning to enhance the accuracy of online content recommendations.",Artificial Intelligence & Machine Learning
"Develop intelligent systems for supporting personalized health interventions.",Artificial Intelligence & Machine Learning
"Create models for automating data entry processes.",Artificial Intelligence & Machine Learning
"Implement algorithms for real-time analysis of financial markets.",Artificial Intelligence & Machine Learning
"Train models to enhance customer satisfaction in service delivery.",Artificial Intelligence & Machine Learning
"Use AI to optimize communication strategies in marketing campaigns.",Artificial Intelligence & Machine Learning
"Develop AI-driven applications for improving content curation.",Artificial Intelligence & Machine Learning
"Create systems for analyzing trends in consumer electronics.",Artificial Intelligence & Machine Learning
"Implement algorithms for predicting student success in educational settings.",Artificial Intelligence & Machine Learning
"Train models to evaluate the effectiveness of community outreach programs.",Artificial Intelligence & Machine Learning
"Use machine learning to enhance the accuracy of predictive maintenance schedules.",Artificial Intelligence & Machine Learning
"Develop intelligent systems for managing customer feedback loops.",Artificial Intelligence & Machine Learning
"Create models for optimizing the supply chain logistics in retail.",Artificial Intelligence & Machine Learning
"Implement algorithms for analyzing trends in user engagement.",Artificial Intelligence & Machine Learning
"Train models to assess the impact of employee training programs.",Artificial Intelligence & Machine Learning
"Use AI to streamline the hiring process in organizations.",Artificial Intelligence & Machine Learning
"Develop AI solutions for managing large-scale data analytics projects.",Artificial Intelligence & Machine Learning
"Create systems for automating compliance processes in healthcare.",Artificial Intelligence & Machine Learning
"Implement algorithms for predicting trends in real estate markets.",Artificial Intelligence & Machine Learning
"Train models to enhance the accuracy of online content recommendations.",Artificial Intelligence & Machine Learning
"Use machine learning to analyze customer interactions in retail settings.",Artificial Intelligence & Machine Learning
"Develop intelligent systems for supporting real-time decision-making in businesses.",Artificial Intelligence & Machine Learning
"Create models for optimizing marketing campaigns based on user data.",Artificial Intelligence & Machine Learning
"Implement algorithms for predicting customer churn in subscription services.",Artificial Intelligence & Machine Learning
"Train models to evaluate the effectiveness of corporate training initiatives.",Artificial Intelligence & Machine Learning
"Use AI to analyze the impact of social media on brand perception.",Artificial Intelligence & Machine Learning
"Develop AI-driven applications for enhancing virtual customer support.",Artificial Intelligence & Machine Learning
"Create systems for automating performance evaluations in organizations.",Artificial Intelligence & Machine Learning
"Implement algorithms for real-time analysis of healthcare data.",Artificial Intelligence & Machine Learning
"Train models to predict consumer behavior in various markets.",Artificial Intelligence & Machine Learning
"Use machine learning to improve the effectiveness of content marketing strategies.",Artificial Intelligence & Machine Learning
"Develop intelligent systems for analyzing and interpreting cultural trends.",Artificial Intelligence & Machine Learning
"Create models for optimizing product launch strategies in tech.",Artificial Intelligence & Machine Learning
"Implement algorithms for predicting user engagement in mobile applications.",Artificial Intelligence & Machine Learning
"Train models to enhance the accuracy of predictive analytics in business.",Artificial Intelligence & Machine Learning
"Use AI to streamline the logistics of food delivery services.",Artificial Intelligence & Machine Learning
"Develop AI solutions for managing social media advertising campaigns.",Artificial Intelligence & Machine Learning
"Create systems for automating the generation of performance reports.",Artificial Intelligence & Machine Learning
"Implement algorithms for predicting fluctuations in commodity prices.",Artificial Intelligence & Machine Learning
"Train models to evaluate the success of public health initiatives.",Artificial Intelligence & Machine Learning
"Use machine learning to enhance the accuracy of financial forecasting.",Artificial Intelligence & Machine Learning
"Develop intelligent systems for improving virtual team collaboration.",Artificial Intelligence & Machine Learning
"Create models for automating the analysis of website traffic data.",Artificial Intelligence & Machine Learning
"Implement algorithms for real-time inventory management in retail.",Artificial Intelligence & Machine Learning
"Train models to assess the effectiveness of government programs.",Artificial Intelligence & Machine Learning
"Use AI to analyze the performance of digital marketing campaigns.",Artificial Intelligence & Machine Learning
"Develop AI-driven applications for enhancing the customer onboarding process.",Artificial Intelligence & Machine Learning
"Create systems for automating the management of customer relationships.",Artificial Intelligence & Machine Learning
"Implement algorithms for predicting trends in consumer preferences.",Artificial Intelligence & Machine Learning
"Train models to improve the accuracy of demand forecasting in retail.",Artificial Intelligence & Machine Learning
"Use machine learning to analyze user feedback for product enhancements.",Artificial Intelligence & Machine Learning
"Develop intelligent systems for managing remote workforces effectively.",Artificial Intelligence & Machine Learning
"Create models for optimizing promotional strategies based on customer data.",Artificial Intelligence & Machine Learning
"Implement algorithms for predicting traffic patterns in urban environments.",Artificial Intelligence & Machine Learning
"Train models to evaluate the impact of social media on mental health.",Artificial Intelligence & Machine Learning
"Use AI to streamline the process of content moderation in online communities.",Artificial Intelligence & Machine Learning
"Develop AI solutions for optimizing customer journey mapping.",Artificial Intelligence & Machine Learning
"Create systems for automating performance tracking in sports.",Artificial Intelligence & Machine Learning
"Implement algorithms for predicting shifts in consumer behavior.",Artificial Intelligence & Machine Learning
"Train models to enhance the effectiveness of outreach programs.",Artificial Intelligence & Machine Learning
"Use machine learning to improve the personalization of digital experiences.",Artificial Intelligence & Machine Learning
"Develop intelligent systems for analyzing trends in the gig economy.",Artificial Intelligence & Machine Learning
"Create models for optimizing pricing strategies in retail.",Artificial Intelligence & Machine Learning
"Implement algorithms for predicting the success of content marketing efforts.",Artificial Intelligence & Machine Learning
"Train models to evaluate the impact of corporate social responsibility initiatives.",Artificial Intelligence & Machine Learning
"Use AI to analyze the effectiveness of public service announcements.",Artificial Intelligence & Machine Learning
"Develop AI-driven applications for improving remote learning experiences.",Artificial Intelligence & Machine Learning
"Create systems for automating the assessment of environmental risks.",Artificial Intelligence & Machine Learning
"Implement algorithms for predicting trends in consumer health products.",Artificial Intelligence & Machine Learning
"Use machine learning to analyze customer data for loyalty programs.",Artificial Intelligence & Machine Learning
"Develop intelligent systems for supporting online community management.",Artificial Intelligence & Machine Learning
"Create models for optimizing advertising strategies based on user engagement.",Artificial Intelligence & Machine Learning
"Implement algorithms for predicting outcomes in community development projects.",Artificial Intelligence & Machine Learning
"Train models to improve the accuracy of market research analyses.",Artificial Intelligence & Machine Learning
"Use AI to analyze trends in employee satisfaction and engagement.",Artificial Intelligence & Machine Learning
"Develop AI solutions for enhancing the effectiveness of crisis communication.",Artificial Intelligence & Machine Learning
"Create systems for automating the analysis of educational data.",Artificial Intelligence & Machine Learning
"Implement algorithms for predicting shifts in consumer technology adoption.",Artificial Intelligence & Machine Learning
"Train models to evaluate the effectiveness of environmental policies.",Artificial Intelligence & Machine Learning
"Use machine learning to enhance the personalization of wellness programs.",Artificial Intelligence & Machine Learning
"Develop intelligent systems for managing customer support workflows.",Artificial Intelligence & Machine Learning
"Create models for optimizing the performance of sports teams based on analytics.",Artificial Intelligence & Machine Learning
"Implement algorithms for predicting the impact of social media on brand awareness.",Artificial Intelligence & Machine Learning
"Train models to enhance the accuracy of weather-related predictions.",Artificial Intelligence & Machine Learning
"Use AI to streamline the management of public transportation systems.",Artificial Intelligence & Machine Learning
"Develop AI-driven applications for improving healthcare accessibility.",Artificial Intelligence & Machine Learning
"Create systems for automating the evaluation of community impact programs.",Artificial Intelligence & Machine Learning
"Implement algorithms for predicting changes in consumer spending habits.",Artificial Intelligence & Machine Learning
"Train models to analyze the effectiveness of local government initiatives.",Artificial Intelligence & Machine Learning
"Use machine learning to improve the personalization of educational content.",Artificial Intelligence & Machine Learning
"Develop intelligent systems for supporting mental health interventions.",Artificial Intelligence & Machine Learning
"Create models for optimizing the management of cultural institutions.",Artificial Intelligence & Machine Learning
"Implement algorithms for predicting the effectiveness of advocacy campaigns.",Artificial Intelligence & Machine Learning
"Train models to enhance the reliability of financial risk assessments.",Artificial Intelligence & Machine Learning
"Use AI to analyze trends in public opinion on social issues.",Artificial Intelligence & Machine Learning
"Develop AI solutions for optimizing customer relationship management systems.",Artificial Intelligence & Machine Learning
"Create systems for automating the assessment of health outcomes.",Artificial Intelligence & Machine Learning
"Implement algorithms for predicting trends in remote work dynamics.",Artificial Intelligence & Machine Learning
"Train models to evaluate the effectiveness of youth programs.",Artificial Intelligence & Machine Learning
"Use machine learning to enhance the accuracy of environmental monitoring.",Artificial Intelligence & Machine Learning
"Develop intelligent systems for managing crisis response communications.",Artificial Intelligence & Machine Learning
"Create models for optimizing the management of disaster relief efforts.",Artificial Intelligence & Machine Learning
"Implement algorithms for predicting the success of educational reform initiatives.",Artificial Intelligence & Machine Learning
"Train models to improve the accuracy of predictions in climate change studies.",Artificial Intelligence & Machine Learning
"Use AI to analyze the effectiveness of public health campaigns.",Artificial Intelligence & Machine Learning
"Develop AI-driven applications for enhancing the learning experience for students.",Artificial Intelligence & Machine Learning
"Create systems for automating the evaluation of corporate sustainability practices.",Artificial Intelligence & Machine Learning
"Implement algorithms for predicting changes in consumer behavior due to economic shifts.",Artificial Intelligence & Machine Learning
"Train models to analyze the impact of social media on public discourse.",Artificial Intelligence & Machine Learning
"Use machine learning to enhance the effectiveness of volunteer programs.",Artificial Intelligence & Machine Learning
"Develop intelligent systems for supporting family engagement in education.",Artificial Intelligence & Machine Learning
"Create models for optimizing community development strategies.",Artificial Intelligence & Machine Learning
"Implement algorithms for predicting the impact of environmental policies on local communities.",Artificial Intelligence & Machine Learning
"Train models to evaluate the effectiveness of early childhood education programs.",Artificial Intelligence & Machine Learning
"Use AI to analyze trends in workplace diversity and inclusion.",Artificial Intelligence & Machine Learning
"Develop AI solutions for enhancing the management of public parks and recreation.",Artificial Intelligence & Machine Learning
"Create systems for automating the assessment of urban development projects.",Artificial Intelligence & Machine Learning
"Implement algorithms for predicting shifts in consumer behavior in response to advertising.",Artificial Intelligence & Machine Learning
"Train models to enhance the reliability of market analysis.",Artificial Intelligence & Machine Learning
"Use machine learning to improve the effectiveness of community outreach efforts.",Artificial Intelligence & Machine Learning
"Develop intelligent systems for managing health services delivery.",Artificial Intelligence & Machine Learning
"Create models for optimizing the management of natural resources.",Artificial Intelligence & Machine Learning
"Implement algorithms for predicting the impact of technology on social interactions.",Artificial Intelligence & Machine Learning
"Train models to analyze the effectiveness of government policies on economic growth.",Artificial Intelligence & Machine Learning
"Use AI to enhance the personalization of customer service experiences.",Artificial Intelligence & Machine Learning
"Develop AI-driven applications for improving disaster preparedness training.",Artificial Intelligence & Machine Learning
"Create systems for automating the assessment of cultural programs.",Artificial Intelligence & Machine Learning
"Implement algorithms for predicting changes in public health metrics.",Artificial Intelligence & Machine Learning
"Train models to evaluate the effectiveness of financial literacy programs.",Artificial Intelligence & Machine Learning
"Use machine learning to enhance the accuracy of customer engagement metrics.",Artificial Intelligence & Machine Learning
"Develop intelligent systems for managing public health data.",Artificial Intelligence & Machine Learning
"Create models for optimizing the performance of public transportation systems.",Artificial Intelligence & Machine Learning
"Implement algorithms for predicting the effectiveness of educational outreach programs.",Artificial Intelligence & Machine Learning
"Train models to improve the reliability of demographic data analysis.",Artificial Intelligence & Machine Learning
"Use AI to analyze trends in charitable giving and volunteerism.",Artificial Intelligence & Machine Learning
"Develop AI solutions for enhancing the management of community resources.",Artificial Intelligence & Machine Learning
"Create systems for automating the evaluation of social impact initiatives.",Artificial Intelligence & Machine Learning
"Implement algorithms for predicting changes in consumer preferences in the hospitality industry.",Artificial Intelligence & Machine Learning
"Train models to analyze the effectiveness of mental health interventions.",Artificial Intelligence & Machine Learning
"Use machine learning to enhance the personalization of travel recommendations.",Artificial Intelligence & Machine Learning
"Develop intelligent systems for supporting community health initiatives.",Artificial Intelligence & Machine Learning
"Create models for optimizing the management of arts and culture organizations.",Artificial Intelligence & Machine Learning
"Implement algorithms for predicting the success of social entrepreneurship ventures.",Artificial Intelligence & Machine Learning
"Train models to evaluate the impact of job training programs on employment outcomes.",Artificial Intelligence & Machine Learning
"Use AI to analyze trends in youth engagement and participation in civic activities.",Artificial Intelligence & Machine Learning
"Develop AI-driven applications for improving community engagement in decision-making.",Artificial Intelligence & Machine Learning
"Create systems for automating the assessment of public infrastructure projects.",Artificial Intelligence & Machine Learning
"Implement algorithms for predicting shifts in public health trends.",Artificial Intelligence & Machine Learning
"Train models to enhance the effectiveness of crisis intervention strategies.",Artificial Intelligence & Machine Learning
"Use machine learning to improve the personalization of fitness programs.",Artificial Intelligence & Machine Learning
"Develop intelligent systems for managing community service programs.",Artificial Intelligence & Machine Learning
"Create models for optimizing resource allocation in public health initiatives.",Artificial Intelligence & Machine Learning
"Implement algorithms for predicting the success of environmental conservation efforts.",Artificial Intelligence & Machine Learning
"Train models to evaluate the impact of literacy programs on community outcomes.",Artificial Intelligence & Machine Learning
"Use AI to analyze trends in educational achievement across demographics.",Artificial Intelligence & Machine Learning
"Develop AI solutions for enhancing the management of food security initiatives.",Artificial Intelligence & Machine Learning
"Create systems for automating the evaluation of youth development programs.",Artificial Intelligence & Machine Learning
"Implement algorithms for predicting shifts in public opinion on social issues.",Artificial Intelligence & Machine Learning
"Train models to analyze the effectiveness of corporate wellness programs.",Artificial Intelligence & Machine Learning
"Use machine learning to enhance the accuracy of crime prediction models.",Artificial Intelligence & Machine Learning
"Develop intelligent systems for supporting community resilience initiatives.",Artificial Intelligence & Machine Learning
"Create models for optimizing the management of housing projects.",Artificial Intelligence & Machine Learning
"Implement algorithms for predicting changes in employment trends due to automation.",Artificial Intelligence & Machine Learning
"Train models to evaluate the effectiveness of social justice initiatives.",Artificial Intelligence & Machine Learning
"Use AI to analyze trends in healthcare access and outcomes.",Artificial Intelligence & Machine Learning
"Develop AI-driven applications for improving the quality of education in underserved communities.",Artificial Intelligence & Machine Learning
"Create systems for automating the assessment of urban planning initiatives.",Artificial Intelligence & Machine Learning
"Implement algorithms for predicting the success of social marketing campaigns.",Artificial Intelligence & Machine Learning
"Train models to enhance the reliability of economic forecasts.",Artificial Intelligence & Machine Learning
"Use machine learning to improve the personalization of community services.",Artificial Intelligence & Machine Learning
"Develop intelligent systems for managing the delivery of social services.",Artificial Intelligence & Machine Learning
"Create models for optimizing the management of local businesses.",Artificial Intelligence & Machine Learning
"Implement algorithms for predicting shifts in community demographics.",Artificial Intelligence & Machine Learning
"Train models to evaluate the impact of public health campaigns on lifestyle changes.",Artificial Intelligence & Machine Learning
"Use AI to analyze trends in participation in local governance.",Artificial Intelligence & Machine Learning
"Develop AI solutions for enhancing community development planning processes.",Artificial Intelligence & Machine Learning
"Create systems for automating the evaluation of environmental impact assessments.",Artificial Intelligence & Machine Learning
"Implement algorithms for predicting changes in access to healthcare services.",Artificial Intelligence & Machine Learning
"Train models to analyze the effectiveness of economic development initiatives.",Artificial Intelligence & Machine Learning
"Use machine learning to enhance the accuracy of housing market predictions.",Artificial Intelligence & Machine Learning
"Develop intelligent systems for supporting local food systems.",Artificial Intelligence & Machine Learning
"Create models for optimizing the management of community resources.",Artificial Intelligence & Machine Learning
"Implement algorithms for predicting the success of housing initiatives.",Artificial Intelligence & Machine Learning
"Train models to evaluate the impact of digital literacy programs.",Artificial Intelligence & Machine Learning
"Use AI to analyze trends in employment opportunities for marginalized communities.",Artificial Intelligence & Machine Learning
"Develop AI-driven applications for improving access to mental health resources.",Artificial Intelligence & Machine Learning
"Create systems for automating the assessment of job training programs.",Artificial Intelligence & Machine Learning
"Implement algorithms for predicting shifts in community engagement levels.",Artificial Intelligence & Machine Learning
"Train models to analyze the effectiveness of anti-poverty programs.",Artificial Intelligence & Machine Learning
"Use machine learning to improve the personalization of community support services.",Artificial Intelligence & Machine Learning
"Develop intelligent systems for managing community health resources.",Artificial Intelligence & Machine Learning
"Create models for optimizing the management of cultural events.",Artificial Intelligence & Machine Learning
"Implement algorithms for predicting the impact of climate change on local economies.",Artificial Intelligence & Machine Learning
"Train models to evaluate the effectiveness of housing assistance programs.",Artificial Intelligence & Machine Learning
"Use AI to analyze trends in local economic development.",Artificial Intelligence & Machine Learning
"Develop AI solutions for enhancing the management of community engagement efforts.",Artificial Intelligence & Machine Learning
"Create systems for automating the evaluation of workforce development initiatives.",Artificial Intelligence & Machine Learning
"Implement algorithms for predicting shifts in community resilience due to external factors.",Artificial Intelligence & Machine Learning
"Train models to analyze the effectiveness of public transportation services.",Artificial Intelligence & Machine Learning
"Use machine learning to enhance the accuracy of social service delivery models.",Artificial Intelligence & Machine Learning
"Develop intelligent systems for managing disaster response resources.",Artificial Intelligence & Machine Learning
"Create models for optimizing the management of local parks and recreation.",Artificial Intelligence & Machine Learning
"Implement algorithms for predicting the success of social justice campaigns.",Artificial Intelligence & Machine Learning
"Train models to evaluate the impact of workforce training programs on employment rates.",Artificial Intelligence & Machine Learning
"Use AI to analyze trends in access to education and job training resources.",Artificial Intelligence & Machine Learning
"Develop AI-driven applications for improving community health outcomes.",Artificial Intelligence & Machine Learning
"Create systems for automating the assessment of public service effectiveness.",Artificial Intelligence & Machine Learning
"Implement algorithms for predicting shifts in community health indicators.",Artificial Intelligence & Machine Learning
"Train models to analyze the effectiveness of environmental education programs.",Artificial Intelligence & Machine Learning
"Use machine learning to enhance the personalization of family support services.",Artificial Intelligence & Machine Learning
"Develop intelligent systems for managing community service delivery.",Artificial Intelligence & Machine Learning
"Create models for optimizing the management of cultural institutions.",Artificial Intelligence & Machine Learning
"Implement algorithms for predicting the success of community engagement initiatives.",Artificial Intelligence & Machine Learning
"Train models to evaluate the impact of economic empowerment programs.",Artificial Intelligence & Machine Learning
"Use AI to analyze trends in social service funding and allocation.",Artificial Intelligence & Machine Learning
"Develop AI solutions for enhancing the management of social impact investments.",Artificial Intelligence & Machine Learning
"Create systems for automating the assessment of educational outcomes.",Artificial Intelligence & Machine Learning
"Implement algorithms for predicting shifts in public health behaviors.",Artificial Intelligence & Machine Learning
"Train models to analyze the effectiveness of youth engagement strategies.",Artificial Intelligence & Machine Learning
"Use machine learning to improve the personalization of disaster response efforts.",Artificial Intelligence & Machine Learning
"Develop intelligent systems for managing community health initiatives.",Artificial Intelligence & Machine Learning
"Create models for optimizing the management of local resources.",Artificial Intelligence & Machine Learning
"Implement algorithms for predicting the success of community health programs.",Artificial Intelligence & Machine Learning
"Train models to evaluate the impact of civic engagement initiatives.",Artificial Intelligence & Machine Learning
"Use AI to analyze trends in community development outcomes.",Artificial Intelligence & Machine Learning
"Develop AI-driven applications for improving access to educational resources.",Artificial Intelligence & Machine Learning
"Create systems for automating the assessment of community health resources.",Artificial Intelligence & Machine Learning
"Implement algorithms for predicting changes in access to social services.",Artificial Intelligence & Machine Learning
"Train models to analyze the effectiveness of social impact initiatives.",Artificial Intelligence & Machine Learning
"Use machine learning to enhance the accuracy of workforce development forecasts.",Artificial Intelligence & Machine Learning
"Develop intelligent systems for managing community resilience efforts.",Artificial Intelligence & Machine Learning
"Create models for optimizing the management of educational institutions.",Artificial Intelligence & Machine Learning
"Implement algorithms for predicting the success of job training initiatives.",Artificial Intelligence & Machine Learning
"Train models to evaluate the impact of digital equity programs.",Artificial Intelligence & Machine Learning
"Use AI to analyze trends in access to healthcare and wellness resources.",Artificial Intelligence & Machine Learning
"Develop AI solutions for enhancing the management of social programs.",Artificial Intelligence & Machine Learning
"Create systems for automating the assessment of community engagement efforts.",Artificial Intelligence & Machine Learning
"Implement algorithms for predicting shifts in public health access.",Artificial Intelligence & Machine Learning
"Train models to analyze the effectiveness of disaster recovery programs.",Artificial Intelligence & Machine Learning
"Use machine learning to improve the personalization of community health services.",Artificial Intelligence & Machine Learning
"Develop intelligent systems for managing educational outreach programs.",Artificial Intelligence & Machine Learning
"Create models for optimizing the management of social enterprises.",Artificial Intelligence & Machine Learning
"Implement algorithms for predicting the success of community empowerment initiatives.",Artificial Intelligence & Machine Learning
"Train models to evaluate the impact of local economic development programs.",Artificial Intelligence & Machine Learning
"Use AI to analyze trends in community service effectiveness.",Artificial Intelligence & Machine Learning
"Develop AI-driven applications for improving access to job training resources.",Artificial Intelligence & Machine Learning
"Create systems for automating the assessment of environmental justice initiatives.",Artificial Intelligence & Machine Learning
"Implement algorithms for predicting changes in community engagement levels.",Artificial Intelligence & Machine Learning
"Train models to analyze the effectiveness of community health initiatives.",Artificial Intelligence & Machine Learning
"Use machine learning to enhance the personalization of educational resources.",Artificial Intelligence & Machine Learning
"Develop intelligent systems for managing social impact projects.",Artificial Intelligence & Machine Learning
"Create models for optimizing the management of community resources.",Artificial Intelligence & Machine Learning
"Implement algorithms for predicting the success of environmental sustainability efforts.",Artificial Intelligence & Machine Learning
"Train models to evaluate the impact of workforce development initiatives on job placement.",Artificial Intelligence & Machine Learning
"Use AI to analyze trends in access to education and training opportunities.",Artificial Intelligence & Machine Learning
"Develop AI solutions for enhancing the management of community resources.",Artificial Intelligence & Machine Learning
"Create systems for automating the assessment of community engagement strategies.",Artificial Intelligence & Machine Learning
"Implement algorithms for predicting shifts in public health trends due to policy changes.",Artificial Intelligence & Machine Learning
"Train models to analyze the effectiveness of social entrepreneurship initiatives.",Artificial Intelligence & Machine Learning
"Use machine learning to improve the personalization of public services.",Artificial Intelligence & Machine Learning
"Develop intelligent systems for managing social impact assessments.",Artificial Intelligence & Machine Learning
"Create models for optimizing the management of community development projects.",Artificial Intelligence & Machine Learning
"Implement algorithms for predicting the success of job placement programs.",Artificial Intelligence & Machine Learning
"Train models to evaluate the impact of community development initiatives.",Artificial Intelligence & Machine Learning
"Use AI to analyze trends in access to economic opportunities.",Artificial Intelligence & Machine Learning
"Develop AI-driven applications for improving access to healthcare services.",Artificial Intelligence & Machine Learning
"Create systems for automating the assessment of educational programs.",Artificial Intelligence & Machine Learning
"Implement algorithms for predicting shifts in community demographics due to external factors.",Artificial Intelligence & Machine Learning
"Train models to analyze the effectiveness of public health initiatives on community health.",Artificial Intelligence & Machine Learning
"Use machine learning to enhance the accuracy of community resource allocation.",Artificial Intelligence & Machine Learning
"Develop intelligent systems for managing the delivery of educational services.",Artificial Intelligence & Machine Learning
"Create models for optimizing the management of community health resources.",Artificial Intelligence & Machine Learning
"Implement algorithms for predicting the success of educational outreach programs.",Artificial Intelligence & Machine Learning
"Train models to evaluate the impact of digital access initiatives.",Artificial Intelligence & Machine Learning
"Use AI to analyze trends in access to mental health services.",Artificial Intelligence & Machine Learning
"Develop AI solutions for enhancing community engagement strategies.",Artificial Intelligence & Machine Learning
"Create systems for automating the assessment of social impact measurements.",Artificial Intelligence & Machine Learning
"Implement algorithms for predicting changes in community health indicators due to external factors.",Artificial Intelligence & Machine Learning
"Train models to analyze the effectiveness of public health campaigns.",Artificial Intelligence & Machine Learning
"Use machine learning to improve the personalization of community support services.",Artificial Intelligence & Machine Learning
"Develop intelligent systems for managing public health resources.",Artificial Intelligence & Machine Learning
"Create models for optimizing the management of disaster response initiatives.",Artificial Intelligence & Machine Learning
"Implement algorithms for predicting the success of social services delivery initiatives.",Artificial Intelligence & Machine Learning
"Train models to evaluate the impact of community health programs on quality of life.",Artificial Intelligence & Machine Learning
"Use AI to analyze trends in access to education and workforce development resources.",Artificial Intelligence & Machine Learning
"Develop AI-driven applications for improving the management of community resources.",Artificial Intelligence & Machine Learning
"Create systems for automating the assessment of public health policies.",Artificial Intelligence & Machine Learning
"Implement algorithms for predicting shifts in access to mental health resources.",Artificial Intelligence & Machine Learning
"Train models to analyze the effectiveness of workforce development initiatives.",Artificial Intelligence & Machine Learning
"Use machine learning to enhance the personalization of community health programs.",Artificial Intelligence & Machine Learning
"Develop intelligent systems for managing educational services delivery.",Artificial Intelligence & Machine Learning
"Create models for optimizing the management of social impact projects.",Artificial Intelligence & Machine Learning
"Implement algorithms for predicting the success of community empowerment programs.",Artificial Intelligence & Machine Learning
"Train models to evaluate the impact of public health initiatives on community health.",Artificial Intelligence & Machine Learning"





